Character,Win,Stage,L-Cancel Successes,L-Cancel Failures,Max Combo,Mean X Distance,Platform_left_ledge,Platform_left_platform,Platform_right_ledge,Platform_right_platform,Platform_top_platform
MARTH,0,BATTLEFIELD,19,4,1,0.1262393602340472,0.0,0.0,0.0,1.0,0.0
FALCO,1,BATTLEFIELD,19,4,1,0.1785714285714285,0.0,0.0,0.0,1.0,0.0
MARTH,0,BATTLEFIELD,25,11,4,0.1754331721230158,0.0,0.0,0.0,1.0,0.0
FALCO,1,BATTLEFIELD,25,11,2,0.1785714285714285,0.0,0.0,0.0,1.0,0.0
SAMUS,0,BATTLEFIELD,17,9,2,0.1517477793630338,0.0,1.0,0.0,0.0,0.0
FOX,1,BATTLEFIELD,17,9,12,0.0571428571428571,0.0,1.0,0.0,0.0,0.0
SAMUS,0,YOSHIS_STORY,36,7,4,0.2061096270351133,0.0,1.0,0.0,0.0,0.0
FOX,1,YOSHIS_STORY,36,7,12,0.0060120240480961,0.0,0.0,1.0,0.0,0.0
MARTH,1,BATTLEFIELD,7,0,0,0.1679552192498621,0.0,0.0,1.0,0.0,0.0
CAPTAIN_FALCON,0,BATTLEFIELD,7,0,1,0.0088839285714285,0.0,1.0,0.0,0.0,0.0
MARTH,1,BATTLEFIELD,42,3,2,0.19602692581257,0.0,0.0,0.0,1.0,0.0
CAPTAIN_FALCON,0,BATTLEFIELD,42,3,1,0.0571428571428571,0.0,0.0,0.0,1.0,0.0
MARTH,1,YOSHIS_STORY,41,11,1,0.224274601766635,0.0,0.0,0.0,0.0,1.0
CAPTAIN_FALCON,0,YOSHIS_STORY,41,11,2,0.0060120240480961,0.0,1.0,0.0,0.0,0.0
JIGGLYPUFF,1,YOSHIS_STORY,46,2,8,0.2366490984575903,0.0,0.0,0.0,1.0,0.0
JIGGLYPUFF,0,YOSHIS_STORY,46,2,4,0.2464929859719439,0.0,1.0,0.0,0.0,0.0
JIGGLYPUFF,1,FINAL_DESTINATION,56,0,6,0.2287539953008302,0.0,0.0,1.0,0.0,0.0
JIGGLYPUFF,0,FINAL_DESTINATION,56,0,7,0.3478455284552845,1.0,0.0,0.0,0.0,0.0
SAMUS,1,BATTLEFIELD,67,1,4,0.2214423912711967,0.0,0.0,0.0,1.0,0.0
FOX,0,BATTLEFIELD,67,1,12,0.0571428571428571,0.0,1.0,0.0,0.0,0.0
SAMUS,1,DREAM_LAND_N64,57,4,4,0.2036630033511414,0.0,0.0,0.0,0.0,1.0
FOX,0,DREAM_LAND_N64,57,4,12,0.3105490196078431,1.0,0.0,0.0,0.0,0.0
JIGGLYPUFF,0,BATTLEFIELD,43,5,4,0.2018135492540526,0.0,1.0,0.0,0.0,0.0
FOX,1,BATTLEFIELD,43,5,2,0.0596428571428571,0.0,1.0,0.0,0.0,0.0
JIGGLYPUFF,1,FINAL_DESTINATION,30,1,4,0.1837384816712832,0.0,0.0,1.0,0.0,0.0
FOX,0,FINAL_DESTINATION,30,1,1,0.881869918699187,0.0,0.0,1.0,0.0,0.0
JIGGLYPUFF,1,FOUNTAIN_OF_DREAMS,40,5,4,0.1737847342995169,0.0,0.0,0.0,1.0,0.0
FOX,0,FOUNTAIN_OF_DREAMS,40,5,4,0.0,0.0,0.0,0.0,1.0,0.0
GANONDORF,1,FINAL_DESTINATION,15,1,5,0.252231604986608,1.0,0.0,0.0,0.0,0.0
FOX,0,FINAL_DESTINATION,15,1,0,0.3312195121951219,0.0,0.0,1.0,0.0,0.0
GANONDORF,1,BATTLEFIELD,7,0,0,0.258712238646031,0.0,1.0,0.0,0.0,0.0
FOX,0,BATTLEFIELD,7,0,1,0.1858482142857143,0.0,0.0,1.0,0.0,0.0
GANONDORF,1,BATTLEFIELD,24,0,1,0.1997523107792506,0.0,0.0,0.0,0.0,1.0
FOX,0,BATTLEFIELD,24,0,3,0.5312946428571429,0.0,0.0,0.0,1.0,0.0
CAPTAIN_FALCON,1,DREAM_LAND_N64,49,2,2,0.1890584781456992,0.0,0.0,0.0,1.0,0.0
FOX,0,DREAM_LAND_N64,49,2,3,0.1827450980392156,0.0,0.0,0.0,1.0,0.0
FALCO,1,BATTLEFIELD,29,2,1,0.2241090118479824,0.0,0.0,0.0,0.0,1.0
FALCO,0,BATTLEFIELD,29,2,4,0.0571428571428571,0.0,0.0,0.0,1.0,0.0
FALCO,0,DREAM_LAND_N64,39,7,2,0.1786420869243102,0.0,1.0,0.0,0.0,0.0
FALCO,1,DREAM_LAND_N64,39,7,4,0.0,0.0,1.0,0.0,0.0,0.0
FALCO,1,YOSHIS_STORY,43,2,4,0.2253282137015897,0.0,1.0,0.0,0.0,0.0
FALCO,0,YOSHIS_STORY,43,2,4,0.0060120240480961,0.0,0.0,0.0,0.0,1.0
MARTH,0,FOUNTAIN_OF_DREAMS,14,0,1,0.2363460365052996,0.0,1.0,0.0,0.0,0.0
SHEIK,1,FOUNTAIN_OF_DREAMS,14,0,1,0.0729056603773584,0.0,0.0,1.0,0.0,0.0
MARTH,1,FOUNTAIN_OF_DREAMS,19,0,6,0.2523322621920469,0.0,0.0,1.0,0.0,0.0
SHEIK,0,FOUNTAIN_OF_DREAMS,19,0,2,0.3328301886792453,0.0,0.0,0.0,1.0,0.0
MARTH,1,FINAL_DESTINATION,18,2,6,0.259531046302438,0.0,0.0,1.0,0.0,0.0
SHEIK,0,FINAL_DESTINATION,18,2,2,0.3592276422764228,0.0,0.0,1.0,0.0,0.0
FALCO,1,FOUNTAIN_OF_DREAMS,16,7,0,0.1804401340151648,0.0,1.0,0.0,0.0,0.0
SHEIK,0,FOUNTAIN_OF_DREAMS,16,7,1,0.1676981132075471,0.0,0.0,0.0,0.0,1.0
FALCO,0,BATTLEFIELD,11,15,1,0.1881703210623406,0.0,1.0,0.0,0.0,0.0
SHEIK,1,BATTLEFIELD,11,15,6,0.0571428571428571,0.0,1.0,0.0,0.0,0.0
FALCO,0,YOSHIS_STORY,14,20,2,0.207728762405122,0.0,0.0,0.0,0.0,1.0
SHEIK,1,YOSHIS_STORY,14,20,5,0.0060120240480961,0.0,0.0,0.0,1.0,0.0
YOSHI,1,BATTLEFIELD,0,2,0,0.2053787042370711,0.0,1.0,0.0,0.0,0.0
FOX,0,BATTLEFIELD,0,2,0,0.1732142857142857,1.0,0.0,0.0,0.0,0.0
YOSHI,0,YOSHIS_STORY,22,43,1,0.131960105956339,0.0,0.0,0.0,0.0,1.0
FOX,1,YOSHIS_STORY,22,43,1,0.0743200687088462,0.0,0.0,0.0,1.0,0.0
YOSHI,0,FOUNTAIN_OF_DREAMS,0,15,3,0.1264517466374579,0.0,0.0,0.0,0.0,1.0
FOX,1,FOUNTAIN_OF_DREAMS,0,15,2,0.0,0.0,1.0,0.0,0.0,0.0
SAMUS,0,BATTLEFIELD,12,3,10,0.1756216593090315,1.0,0.0,0.0,0.0,0.0
FOX,1,BATTLEFIELD,12,3,4,0.0571428571428571,0.0,0.0,0.0,1.0,0.0
SAMUS,1,FOUNTAIN_OF_DREAMS,15,5,12,0.1947416538551129,0.0,0.0,0.0,0.0,1.0
FOX,0,FOUNTAIN_OF_DREAMS,15,5,4,0.1664905660377358,0.0,0.0,0.0,0.0,1.0
SAMUS,0,BATTLEFIELD,8,8,12,0.181293514375728,0.0,1.0,0.0,0.0,0.0
FOX,1,BATTLEFIELD,8,8,4,0.2461160714285714,0.0,0.0,0.0,1.0,0.0
JIGGLYPUFF,0,BATTLEFIELD,13,9,1,0.1488514087950259,0.0,1.0,0.0,0.0,0.0
FOX,1,BATTLEFIELD,13,9,0,0.0554464285714285,0.0,0.0,0.0,1.0,0.0
JIGGLYPUFF,0,BATTLEFIELD,23,2,4,0.1720781566994021,0.0,0.0,0.0,1.0,0.0
FOX,1,BATTLEFIELD,23,2,4,0.0571428571428571,0.0,0.0,0.0,1.0,0.0
MARTH,0,BATTLEFIELD,10,0,0,0.1585656544952807,0.0,1.0,0.0,0.0,0.0
FOX,1,BATTLEFIELD,10,0,1,0.0571428571428571,0.0,0.0,0.0,1.0,0.0
MARTH,0,BATTLEFIELD,16,4,2,0.1740990915208613,1.0,0.0,0.0,0.0,0.0
FOX,1,BATTLEFIELD,16,4,5,0.0571428571428571,0.0,1.0,0.0,0.0,0.0
MARTH,0,FINAL_DESTINATION,18,2,2,0.2356399910014732,1.0,0.0,0.0,0.0,0.0
FOX,1,FINAL_DESTINATION,18,2,5,0.3060975609756097,1.0,0.0,0.0,0.0,0.0
MARTH,1,FINAL_DESTINATION,28,4,2,0.2622975220251593,0.0,0.0,1.0,0.0,0.0
FOX,0,FINAL_DESTINATION,28,4,4,0.0378861788617886,0.0,0.0,1.0,0.0,0.0
MARTH,0,DREAM_LAND_N64,13,2,2,0.1661995804511017,0.0,0.0,0.0,1.0,0.0
FOX,1,DREAM_LAND_N64,13,2,4,0.0,0.0,0.0,0.0,1.0,0.0
JIGGLYPUFF,0,BATTLEFIELD,25,3,4,0.1904474115735023,0.0,1.0,0.0,0.0,0.0
FOX,1,BATTLEFIELD,25,3,2,0.0571428571428571,0.0,1.0,0.0,0.0,0.0
MARTH,1,BATTLEFIELD,18,8,2,0.2112713120030143,0.0,1.0,0.0,0.0,0.0
FALCO,0,BATTLEFIELD,18,8,1,0.159375,0.0,0.0,1.0,0.0,0.0
MARTH,0,FOUNTAIN_OF_DREAMS,16,1,2,0.1776550108381683,0.0,0.0,0.0,1.0,0.0
FALCO,1,FOUNTAIN_OF_DREAMS,16,1,2,0.0,0.0,0.0,0.0,1.0,0.0
MARTH,1,FINAL_DESTINATION,10,6,2,0.204353417385673,0.0,0.0,1.0,0.0,0.0
FALCO,0,FINAL_DESTINATION,10,6,4,0.2703252032520325,0.0,0.0,1.0,0.0,0.0
MARTH,1,YOSHIS_STORY,10,3,2,0.2188652956936383,0.0,1.0,0.0,0.0,0.0
FALCO,0,YOSHIS_STORY,10,3,1,0.2249069567706842,0.0,0.0,0.0,1.0,0.0
MARTH,1,YOSHIS_STORY,14,6,2,0.1909180032538945,0.0,1.0,0.0,0.0,0.0
FALCO,0,YOSHIS_STORY,14,6,4,0.0060120240480961,0.0,0.0,0.0,0.0,1.0
FOX,1,DREAM_LAND_N64,60,3,4,0.1975188193731357,0.0,0.0,0.0,1.0,0.0
FOX,0,DREAM_LAND_N64,60,3,4,0.0,0.0,0.0,0.0,1.0,0.0
FOX,0,BATTLEFIELD,35,3,4,0.1949649976106915,0.0,0.0,0.0,1.0,0.0
FOX,1,BATTLEFIELD,35,3,4,0.0571428571428571,0.0,0.0,0.0,1.0,0.0
CAPTAIN_FALCON,1,BATTLEFIELD,7,1,1,0.188526683760858,0.0,1.0,0.0,0.0,0.0
FOX,0,BATTLEFIELD,7,1,0,0.1732142857142857,0.0,0.0,0.0,1.0,0.0
CAPTAIN_FALCON,0,BATTLEFIELD,32,3,4,0.1931897862537633,0.0,0.0,0.0,1.0,0.0
FOX,1,BATTLEFIELD,32,3,2,0.0571428571428571,0.0,0.0,0.0,1.0,0.0
CAPTAIN_FALCON,0,FINAL_DESTINATION,37,3,4,0.2215752884575735,1.0,0.0,0.0,0.0,0.0
FOX,1,FINAL_DESTINATION,37,3,2,0.065040650406504,1.0,0.0,0.0,0.0,0.0
CAPTAIN_FALCON,0,FINAL_DESTINATION,33,4,4,0.2168032882462686,1.0,0.0,0.0,0.0,0.0
FOX,1,FINAL_DESTINATION,33,4,2,0.065040650406504,0.0,0.0,1.0,0.0,0.0
FOX,0,BATTLEFIELD,37,4,4,0.1841411828921742,0.0,0.0,0.0,1.0,0.0
FOX,1,BATTLEFIELD,37,4,4,0.3139285714285714,0.0,1.0,0.0,0.0,0.0
FOX,0,BATTLEFIELD,40,1,4,0.1883685529460267,0.0,0.0,0.0,1.0,0.0
FOX,1,BATTLEFIELD,40,1,4,0.0571428571428571,0.0,1.0,0.0,0.0,0.0
FOX,0,DREAM_LAND_N64,32,3,1,0.1984663156531871,0.0,0.0,1.0,0.0,0.0
FOX,1,DREAM_LAND_N64,32,3,4,0.0,0.0,1.0,0.0,0.0,0.0
SHEIK,1,BATTLEFIELD,19,0,0,0.1665481884057971,0.0,0.0,0.0,1.0,0.0
FOX,0,BATTLEFIELD,19,0,0,0.1732142857142857,0.0,0.0,0.0,1.0,0.0
SHEIK,1,BATTLEFIELD,13,1,1,0.178285637425702,0.0,0.0,0.0,1.0,0.0
FOX,0,BATTLEFIELD,13,1,3,0.2539285714285714,0.0,0.0,0.0,1.0,0.0
SHEIK,1,YOSHIS_STORY,14,0,4,0.2076515359059268,0.0,1.0,0.0,0.0,0.0
FOX,0,YOSHIS_STORY,14,0,4,0.0060120240480961,0.0,1.0,0.0,0.0,0.0
FALCO,0,YOSHIS_STORY,17,2,1,0.1772240734886721,0.0,1.0,0.0,0.0,0.0
SHEIK,1,YOSHIS_STORY,17,2,2,0.0060120240480961,0.0,1.0,0.0,0.0,0.0
FALCO,1,DREAM_LAND_N64,18,0,6,0.1882136296666628,0.0,1.0,0.0,0.0,0.0
SHEIK,0,DREAM_LAND_N64,18,0,1,0.2831764705882352,0.0,1.0,0.0,0.0,0.0
FALCO,0,DREAM_LAND_N64,36,3,4,0.1778873100278173,0.0,1.0,0.0,0.0,0.0
FOX,1,DREAM_LAND_N64,36,3,4,0.3105490196078431,0.0,1.0,0.0,0.0,0.0
FALCO,0,FOUNTAIN_OF_DREAMS,35,8,4,0.1926992474656994,0.0,0.0,0.0,1.0,0.0
FOX,1,FOUNTAIN_OF_DREAMS,35,8,2,0.0,1.0,0.0,0.0,0.0,0.0
FALCO,0,FOUNTAIN_OF_DREAMS,10,2,1,0.1681250475614942,0.0,0.0,0.0,1.0,0.0
FOX,1,FOUNTAIN_OF_DREAMS,10,2,1,0.0,0.0,1.0,0.0,0.0,0.0
MARTH,1,BATTLEFIELD,3,0,1,0.1303859802534687,1.0,0.0,0.0,0.0,0.0
CAPTAIN_FALCON,0,BATTLEFIELD,3,0,0,0.3183482142857143,0.0,0.0,0.0,0.0,1.0
MARTH,0,BATTLEFIELD,17,6,3,0.2120121873296074,0.0,0.0,0.0,1.0,0.0
CAPTAIN_FALCON,1,BATTLEFIELD,17,6,2,0.1785714285714285,0.0,1.0,0.0,0.0,0.0
MARTH,0,YOSHIS_STORY,18,6,4,0.2079396081189141,0.0,0.0,0.0,0.0,1.0
CAPTAIN_FALCON,1,YOSHIS_STORY,18,6,2,0.0060120240480961,0.0,0.0,0.0,1.0,0.0
MARTH,0,YOSHIS_STORY,14,1,2,0.2073609785782332,0.0,1.0,0.0,0.0,0.0
CAPTAIN_FALCON,1,YOSHIS_STORY,14,1,2,0.0060120240480961,0.0,1.0,0.0,0.0,0.0
FALCO,0,BATTLEFIELD,15,1,3,0.1519153617156295,0.0,1.0,0.0,0.0,0.0
SHEIK,1,BATTLEFIELD,15,1,2,0.0571428571428571,0.0,1.0,0.0,0.0,0.0
FALCO,0,DREAM_LAND_N64,15,1,1,0.1752478911564625,0.0,0.0,0.0,0.0,1.0
SHEIK,1,DREAM_LAND_N64,15,1,4,0.0,0.0,0.0,0.0,0.0,1.0
FALCO,0,DREAM_LAND_N64,9,1,1,0.1817978024726494,0.0,0.0,0.0,1.0,0.0
SHEIK,1,DREAM_LAND_N64,9,1,2,0.0,0.0,0.0,0.0,1.0,0.0
MARTH,0,FOUNTAIN_OF_DREAMS,5,2,1,0.1573836208529848,0.0,1.0,0.0,0.0,0.0
SHEIK,1,FOUNTAIN_OF_DREAMS,5,2,1,0.3328301886792453,0.0,0.0,0.0,0.0,1.0
MARTH,0,BATTLEFIELD,19,4,6,0.1667648554387863,0.0,0.0,0.0,1.0,0.0
SHEIK,1,BATTLEFIELD,19,4,1,0.0571428571428571,0.0,0.0,0.0,1.0,0.0
MARTH,1,DREAM_LAND_N64,16,4,2,0.1608701676081549,0.0,0.0,0.0,1.0,0.0
SHEIK,0,DREAM_LAND_N64,16,4,2,0.0,0.0,0.0,0.0,0.0,1.0
MARTH,0,FINAL_DESTINATION,10,0,3,0.1650236961752844,1.0,0.0,0.0,0.0,0.0
SHEIK,1,FINAL_DESTINATION,10,0,2,0.065040650406504,1.0,0.0,0.0,0.0,0.0
MARTH,0,BATTLEFIELD,11,4,5,0.1840602250165453,0.0,1.0,0.0,0.0,0.0
SHEIK,1,BATTLEFIELD,11,4,2,0.0571428571428571,0.0,1.0,0.0,0.0,0.0
CAPTAIN_FALCON,1,BATTLEFIELD,48,2,1,0.1959113678344447,0.0,1.0,0.0,0.0,0.0
CAPTAIN_FALCON,0,BATTLEFIELD,48,2,0,0.1732142857142857,0.0,0.0,0.0,1.0,0.0
CAPTAIN_FALCON,0,BATTLEFIELD,44,4,2,0.1737625903254314,0.0,1.0,0.0,0.0,0.0
CAPTAIN_FALCON,1,BATTLEFIELD,44,4,2,0.0571428571428571,0.0,1.0,0.0,0.0,0.0
CAPTAIN_FALCON,0,BATTLEFIELD,30,5,2,0.1851692425640469,0.0,1.0,0.0,0.0,0.0
CAPTAIN_FALCON,1,BATTLEFIELD,30,5,2,0.0571428571428571,0.0,1.0,0.0,0.0,0.0
CAPTAIN_FALCON,0,BATTLEFIELD,39,4,2,0.17536619864077,0.0,0.0,0.0,1.0,0.0
CAPTAIN_FALCON,1,BATTLEFIELD,39,4,2,0.0571428571428571,0.0,1.0,0.0,0.0,0.0
MARTH,0,BATTLEFIELD,20,7,2,0.1866368926684855,0.0,1.0,0.0,0.0,0.0
CAPTAIN_FALCON,1,BATTLEFIELD,20,7,1,0.1785714285714285,0.0,1.0,0.0,0.0,0.0
MARTH,0,YOSHIS_STORY,21,2,2,0.1796698079218276,0.0,0.0,0.0,0.0,1.0
CAPTAIN_FALCON,1,YOSHIS_STORY,21,2,2,0.2697967363298025,0.0,1.0,0.0,0.0,0.0
MARTH,1,FOUNTAIN_OF_DREAMS,36,5,3,0.2021891731609034,1.0,0.0,0.0,0.0,0.0
CAPTAIN_FALCON,0,FOUNTAIN_OF_DREAMS,36,5,2,0.2643522012578616,0.0,0.0,0.0,0.0,1.0
MARTH,0,DREAM_LAND_N64,19,1,3,0.2124262854725019,0.0,0.0,0.0,1.0,0.0
CAPTAIN_FALCON,1,DREAM_LAND_N64,19,1,1,0.0,0.0,0.0,0.0,1.0,0.0
MARTH,0,YOSHIS_STORY,16,3,4,0.1759159120419596,0.0,1.0,0.0,0.0,0.0
FOX,1,YOSHIS_STORY,16,3,2,0.0060120240480961,0.0,0.0,0.0,0.0,1.0
MARTH,0,YOSHIS_STORY,26,2,6,0.1764696400375975,0.0,1.0,0.0,0.0,0.0
FOX,1,YOSHIS_STORY,26,2,2,0.0060120240480961,0.0,1.0,0.0,0.0,0.0
MARTH,0,YOSHIS_STORY,25,2,4,0.2269643106023086,0.0,0.0,0.0,1.0,0.0
FOX,1,YOSHIS_STORY,25,2,2,0.0060120240480961,0.0,0.0,0.0,1.0,0.0
MARTH,1,BATTLEFIELD,42,7,2,0.2021803699287123,0.0,1.0,0.0,0.0,0.0
MARTH,0,BATTLEFIELD,42,7,2,0.1785714285714285,1.0,0.0,0.0,0.0,0.0
MARTH,1,YOSHIS_STORY,35,5,2,0.2424530932490317,0.0,1.0,0.0,0.0,0.0
MARTH,0,YOSHIS_STORY,35,5,2,0.3312911537360435,0.0,1.0,0.0,0.0,0.0
MARTH,0,YOSHIS_STORY,7,0,0,0.1820460197503441,0.0,1.0,0.0,0.0,0.0
SHEIK,1,YOSHIS_STORY,7,0,0,0.2464929859719439,0.0,0.0,0.0,1.0,0.0
MARTH,0,BATTLEFIELD,30,10,2,0.2019747566676885,0.0,1.0,0.0,0.0,0.0
SHEIK,1,BATTLEFIELD,30,10,6,0.1785714285714285,0.0,0.0,0.0,1.0,0.0
MARTH,0,FINAL_DESTINATION,27,9,2,0.2205151475602288,0.0,0.0,1.0,0.0,0.0
SHEIK,1,FINAL_DESTINATION,27,9,4,0.1017073170731707,1.0,0.0,0.0,0.0,0.0
MARTH,0,FINAL_DESTINATION,24,3,2,0.2370276572757079,0.0,0.0,1.0,0.0,0.0
SHEIK,1,FINAL_DESTINATION,24,3,6,0.2032520325203252,0.0,0.0,1.0,0.0,0.0
FALCO,0,BATTLEFIELD,5,1,0,0.1327137638577041,0.0,1.0,0.0,0.0,0.0
FOX,1,BATTLEFIELD,5,1,0,0.0920089285714285,0.0,0.0,0.0,1.0,0.0
SAMUS,0,BATTLEFIELD,15,10,10,0.1730703697554382,0.0,0.0,0.0,1.0,0.0
SHEIK,1,BATTLEFIELD,15,10,4,0.0571428571428571,0.0,1.0,0.0,0.0,0.0
SAMUS,0,DREAM_LAND_N64,10,11,12,0.1867754593346836,0.0,1.0,0.0,0.0,0.0
SHEIK,1,DREAM_LAND_N64,10,11,6,0.0,0.0,0.0,0.0,1.0,0.0
SAMUS,0,DREAM_LAND_N64,9,3,10,0.1759864784570667,0.0,1.0,0.0,0.0,0.0
SHEIK,1,DREAM_LAND_N64,9,3,2,0.0,0.0,0.0,0.0,1.0,0.0
SHEIK,0,BATTLEFIELD,1,1,0,0.2018028151526097,0.0,1.0,0.0,0.0,0.0
FOX,1,BATTLEFIELD,1,1,1,0.0571428571428571,0.0,0.0,0.0,1.0,0.0
SHEIK,1,BATTLEFIELD,11,2,1,0.1886514771896857,0.0,1.0,0.0,0.0,0.0
FOX,0,BATTLEFIELD,11,2,4,0.0571428571428571,0.0,0.0,0.0,1.0,0.0
SHEIK,0,YOSHIS_STORY,12,0,1,0.2020746515075532,0.0,0.0,0.0,0.0,1.0
FOX,1,YOSHIS_STORY,12,0,3,0.0060120240480961,0.0,0.0,0.0,1.0,0.0
SHEIK,1,DREAM_LAND_N64,6,1,6,0.2154414808995384,0.0,1.0,0.0,0.0,0.0
FOX,0,DREAM_LAND_N64,6,1,4,0.3139999999999999,0.0,1.0,0.0,0.0,0.0
SHEIK,0,FOUNTAIN_OF_DREAMS,19,4,1,0.1756733938749691,0.0,1.0,0.0,0.0,0.0
FOX,1,FOUNTAIN_OF_DREAMS,19,4,3,0.0,1.0,0.0,0.0,0.0,0.0
ZELDA,1,YOSHIS_STORY,27,2,1,0.2312597938217893,0.0,1.0,0.0,0.0,0.0
FOX,0,YOSHIS_STORY,27,2,0,0.0258803320927569,0.0,0.0,0.0,1.0,0.0
FOX,0,FOUNTAIN_OF_DREAMS,56,4,4,0.1911151756335116,0.0,0.0,0.0,1.0,0.0
SHEIK,1,FOUNTAIN_OF_DREAMS,56,4,1,0.0,0.0,0.0,0.0,1.0,0.0
SHEIK,0,FINAL_DESTINATION,11,1,2,0.2335059002289052,1.0,0.0,0.0,0.0,0.0
FOX,1,FINAL_DESTINATION,11,1,4,0.065040650406504,0.0,0.0,1.0,0.0,0.0
FOX,1,YOSHIS_STORY,45,6,5,0.2234690143225978,0.0,0.0,0.0,1.0,0.0
SHEIK,0,YOSHIS_STORY,45,6,3,0.3256226739192672,0.0,0.0,0.0,1.0,0.0
FOX,0,BATTLEFIELD,51,6,4,0.1932855397859469,0.0,1.0,0.0,0.0,0.0
SHEIK,1,BATTLEFIELD,51,6,6,0.3139285714285714,0.0,1.0,0.0,0.0,0.0
SHEIK,1,BATTLEFIELD,9,0,1,0.1958028760759666,0.0,0.0,0.0,1.0,0.0
FOX,0,BATTLEFIELD,9,0,3,0.6352232142857143,0.0,1.0,0.0,0.0,0.0
SHEIK,0,YOSHIS_STORY,0,0,0,0.2170355612423422,0.0,1.0,0.0,0.0,0.0
FOX,1,YOSHIS_STORY,0,0,0,0.0060120240480961,0.0,0.0,0.0,1.0,0.0
SHEIK,0,FINAL_DESTINATION,21,1,6,0.2344340374202782,1.0,0.0,0.0,0.0,0.0
FOX,1,FINAL_DESTINATION,21,1,4,0.2032520325203252,0.0,0.0,1.0,0.0,0.0
SHEIK,0,FOUNTAIN_OF_DREAMS,14,3,6,0.1960150527044825,0.0,1.0,0.0,0.0,0.0
FOX,1,FOUNTAIN_OF_DREAMS,14,3,3,0.0,0.0,1.0,0.0,0.0,0.0
SHEIK,1,FOUNTAIN_OF_DREAMS,9,2,5,0.2078877495214657,0.0,0.0,1.0,0.0,0.0
FOX,0,FOUNTAIN_OF_DREAMS,9,2,4,0.2761761006289308,0.0,0.0,0.0,0.0,1.0
SHEIK,1,YOSHIS_STORY,17,4,6,0.216353244184139,0.0,1.0,0.0,0.0,0.0
FOX,0,YOSHIS_STORY,17,4,4,0.0060120240480961,0.0,1.0,0.0,0.0,0.0
MARTH,0,BATTLEFIELD,56,7,4,0.1790993535975767,0.0,0.0,0.0,1.0,0.0
JIGGLYPUFF,1,BATTLEFIELD,56,7,4,0.3139285714285714,0.0,0.0,0.0,0.0,1.0
FALCO,0,DREAM_LAND_N64,76,6,4,0.2089449584267062,0.0,1.0,0.0,0.0,0.0
CAPTAIN_FALCON,1,DREAM_LAND_N64,76,6,4,0.0,0.0,0.0,0.0,1.0,0.0
MARTH,1,YOSHIS_STORY,1,1,0,0.2314649754804892,0.0,1.0,0.0,0.0,0.0
FOX,0,YOSHIS_STORY,1,1,0,0.3376467220154595,0.0,0.0,0.0,1.0,0.0
MARTH,0,YOSHIS_STORY,16,3,3,0.1882580451351947,0.0,0.0,0.0,0.0,1.0
FOX,1,YOSHIS_STORY,16,3,3,0.0060120240480961,0.0,0.0,0.0,0.0,1.0
MARTH,0,FOUNTAIN_OF_DREAMS,30,3,4,0.189927196089024,0.0,0.0,0.0,0.0,1.0
FOX,1,FOUNTAIN_OF_DREAMS,30,3,2,0.3284025157232704,0.0,0.0,1.0,0.0,0.0
MARTH,0,FOUNTAIN_OF_DREAMS,16,2,6,0.1863054177307039,0.0,0.0,0.0,0.0,1.0
SHEIK,1,FOUNTAIN_OF_DREAMS,16,2,3,0.0,0.0,1.0,0.0,0.0,0.0
FOX,0,FOUNTAIN_OF_DREAMS,34,0,4,0.2033669074979556,0.0,1.0,0.0,0.0,0.0
FOX,1,FOUNTAIN_OF_DREAMS,34,0,4,0.0,1.0,0.0,0.0,0.0,0.0
FOX,0,FINAL_DESTINATION,22,2,4,0.2504427549282732,0.0,0.0,1.0,0.0,0.0
FOX,1,FINAL_DESTINATION,22,2,4,0.065040650406504,0.0,0.0,1.0,0.0,0.0
FOX,0,BATTLEFIELD,30,3,3,0.1276895026404713,0.0,0.0,0.0,0.0,1.0
SHEIK,1,BATTLEFIELD,30,3,1,0.0656696428571428,0.0,0.0,0.0,1.0,0.0
FOX,1,DREAM_LAND_N64,48,5,4,0.2245378715576965,0.0,1.0,0.0,0.0,0.0
SHEIK,0,DREAM_LAND_N64,48,5,2,0.3105490196078431,0.0,0.0,0.0,1.0,0.0
FOX,1,DREAM_LAND_N64,46,7,3,0.2220338914051806,0.0,0.0,0.0,1.0,0.0
SHEIK,0,DREAM_LAND_N64,46,7,3,0.3105490196078431,0.0,0.0,0.0,1.0,0.0
SHEIK,0,YOSHIS_STORY,1,0,1,0.2265504071763693,0.0,1.0,0.0,0.0,0.0
SHEIK,1,YOSHIS_STORY,1,0,0,0.0060120240480961,0.0,0.0,0.0,1.0,0.0
SHEIK,0,BATTLEFIELD,34,6,5,0.1919292208028817,0.0,0.0,0.0,1.0,0.0
SHEIK,1,BATTLEFIELD,34,6,5,0.3178571428571429,0.0,1.0,0.0,0.0,0.0
SHEIK,0,BATTLEFIELD,14,3,1,0.1713213746638705,0.0,1.0,0.0,0.0,0.0
SHEIK,1,BATTLEFIELD,14,3,2,0.0571428571428571,0.0,1.0,0.0,0.0,0.0
FOX,0,FOUNTAIN_OF_DREAMS,55,7,2,0.172892010746485,0.0,0.0,1.0,0.0,0.0
SHEIK,1,FOUNTAIN_OF_DREAMS,55,7,1,0.3284025157232704,0.0,1.0,0.0,0.0,0.0
MARTH,1,DREAM_LAND_N64,20,5,2,0.1961785592222686,0.0,0.0,0.0,1.0,0.0
FOX,0,DREAM_LAND_N64,20,5,4,0.0,0.0,0.0,0.0,1.0,0.0
MARTH,0,DREAM_LAND_N64,41,1,2,0.1726966677909834,0.0,0.0,0.0,0.0,1.0
FOX,1,DREAM_LAND_N64,41,1,4,0.0,0.0,0.0,0.0,1.0,0.0
MARTH,0,BATTLEFIELD,41,3,2,0.1800785699139706,0.0,1.0,0.0,0.0,0.0
FOX,1,BATTLEFIELD,41,3,4,0.0571428571428571,0.0,0.0,0.0,1.0,0.0
MARTH,0,YOSHIS_STORY,28,1,2,0.1650181950050875,0.0,0.0,0.0,1.0,0.0
FOX,1,YOSHIS_STORY,28,1,4,0.0060120240480961,0.0,0.0,0.0,0.0,1.0
MARTH,0,BATTLEFIELD,40,0,1,0.1934717219868173,0.0,0.0,0.0,1.0,0.0
CAPTAIN_FALCON,1,BATTLEFIELD,40,0,2,0.1785714285714285,0.0,1.0,0.0,0.0,0.0
MARTH,0,YOSHIS_STORY,42,0,2,0.1869255716760442,0.0,0.0,0.0,0.0,1.0
CAPTAIN_FALCON,1,YOSHIS_STORY,42,0,2,0.0060120240480961,0.0,0.0,0.0,0.0,1.0
MARTH,1,DREAM_LAND_N64,40,2,3,0.2196149931545533,0.0,0.0,1.0,0.0,0.0
CAPTAIN_FALCON,0,DREAM_LAND_N64,40,2,1,0.3126274509803921,0.0,0.0,1.0,0.0,0.0
MARTH,0,FOUNTAIN_OF_DREAMS,51,4,2,0.2149749099291385,0.0,1.0,0.0,0.0,0.0
CAPTAIN_FALCON,1,FOUNTAIN_OF_DREAMS,51,4,2,0.0,0.0,0.0,1.0,0.0,0.0
JIGGLYPUFF,1,BATTLEFIELD,40,6,5,0.2108320943653496,0.0,0.0,0.0,1.0,0.0
FOX,0,BATTLEFIELD,40,6,1,0.0973660714285714,0.0,0.0,0.0,1.0,0.0
JIGGLYPUFF,0,DREAM_LAND_N64,26,3,1,0.1605709605479618,0.0,1.0,0.0,0.0,0.0
FOX,1,DREAM_LAND_N64,26,3,1,0.0,0.0,0.0,0.0,1.0,0.0
JIGGLYPUFF,1,FINAL_DESTINATION,33,2,3,0.1873312684644835,1.0,0.0,0.0,0.0,0.0
FOX,0,FINAL_DESTINATION,33,2,4,0.195040650406504,1.0,0.0,0.0,0.0,0.0
JIGGLYPUFF,1,FOUNTAIN_OF_DREAMS,78,2,4,0.1971346292327157,0.0,0.0,0.0,1.0,0.0
FOX,0,FOUNTAIN_OF_DREAMS,78,2,2,0.0,0.0,1.0,0.0,0.0,0.0
MARTH,1,YOSHIS_STORY,12,1,1,0.2382896523097128,0.0,1.0,0.0,0.0,0.0
SHEIK,0,YOSHIS_STORY,12,1,0,0.2464929859719439,0.0,0.0,0.0,1.0,0.0
MARTH,1,BATTLEFIELD,27,2,3,0.2241240861929543,0.0,0.0,0.0,0.0,1.0
ZELDA,0,BATTLEFIELD,27,2,2,0.1785714285714285,0.0,1.0,0.0,0.0,0.0
MARTH,0,DREAM_LAND_N64,37,1,2,0.2145896317829457,0.0,1.0,0.0,0.0,0.0
SHEIK,1,DREAM_LAND_N64,37,1,6,0.3144313725490196,0.0,0.0,1.0,0.0,0.0
MARTH,0,YOSHIS_STORY,18,7,2,0.2107791259859621,0.0,1.0,0.0,0.0,0.0
SHEIK,1,YOSHIS_STORY,18,7,6,0.0060120240480961,0.0,0.0,0.0,1.0,0.0
CAPTAIN_FALCON,1,BATTLEFIELD,121,0,1,0.1199930621781422,0.0,1.0,0.0,0.0,0.0
FOX,0,BATTLEFIELD,121,0,4,0.1929464285714285,0.0,0.0,0.0,0.0,1.0
CAPTAIN_FALCON,0,YOSHIS_STORY,41,1,2,0.1923732988716549,0.0,0.0,0.0,1.0,0.0
FOX,1,YOSHIS_STORY,41,1,5,0.0060120240480961,0.0,0.0,0.0,1.0,0.0
CAPTAIN_FALCON,1,BATTLEFIELD,54,1,2,0.2121514549004667,0.0,0.0,0.0,1.0,0.0
FOX,0,BATTLEFIELD,54,1,4,0.1785714285714285,0.0,0.0,0.0,1.0,0.0
CAPTAIN_FALCON,1,FINAL_DESTINATION,60,3,2,0.2115415718559561,1.0,0.0,0.0,0.0,0.0
FOX,0,FINAL_DESTINATION,60,3,4,0.7973170731707316,1.0,0.0,0.0,0.0,0.0
CAPTAIN_FALCON,0,FINAL_DESTINATION,70,2,2,0.2157490417769895,0.0,0.0,1.0,0.0,0.0
FOX,1,FINAL_DESTINATION,70,2,4,0.2032520325203252,0.0,0.0,1.0,0.0,0.0
FALCO,0,BATTLEFIELD,31,2,2,0.1884234519486068,0.0,0.0,0.0,0.0,1.0
CAPTAIN_FALCON,1,BATTLEFIELD,31,2,2,0.0571428571428571,0.0,0.0,0.0,1.0,0.0
FALCO,1,YOSHIS_STORY,24,1,1,0.2414195972267643,0.0,1.0,0.0,0.0,0.0
CAPTAIN_FALCON,0,YOSHIS_STORY,24,1,2,0.2464929859719439,0.0,0.0,0.0,1.0,0.0
FALCO,1,DREAM_LAND_N64,25,1,2,0.2040863832671332,0.0,1.0,0.0,0.0,0.0
CAPTAIN_FALCON,0,DREAM_LAND_N64,25,1,2,0.1827450980392156,0.0,1.0,0.0,0.0,0.0
JIGGLYPUFF,1,BATTLEFIELD,21,0,2,0.176397173084701,0.0,1.0,0.0,0.0,0.0
FOX,0,BATTLEFIELD,21,0,2,0.0448214285714285,0.0,0.0,0.0,0.0,1.0
CAPTAIN_FALCON,1,BATTLEFIELD,46,2,6,0.1545010582825944,0.0,1.0,0.0,0.0,0.0
FOX,0,BATTLEFIELD,46,2,1,0.0252678571428571,0.0,0.0,0.0,1.0,0.0
CAPTAIN_FALCON,0,FINAL_DESTINATION,39,4,4,0.1876613937452654,0.0,0.0,1.0,0.0,0.0
FOX,1,FINAL_DESTINATION,39,4,2,0.2032520325203252,0.0,0.0,1.0,0.0,0.0
CAPTAIN_FALCON,0,FINAL_DESTINATION,41,1,4,0.1916756584223772,0.0,0.0,1.0,0.0,0.0
FOX,1,FINAL_DESTINATION,41,1,1,0.2032520325203252,1.0,0.0,0.0,0.0,0.0
CAPTAIN_FALCON,0,FINAL_DESTINATION,38,1,4,0.1823733201663636,1.0,0.0,0.0,0.0,0.0
FOX,1,FINAL_DESTINATION,38,1,2,0.2032520325203252,1.0,0.0,0.0,0.0,0.0
CAPTAIN_FALCON,1,DREAM_LAND_N64,68,5,4,0.1908718453581612,0.0,1.0,0.0,0.0,0.0
SHEIK,0,DREAM_LAND_N64,68,5,4,0.0,0.0,0.0,0.0,0.0,1.0
MARTH,0,FINAL_DESTINATION,44,7,2,0.2326991819186401,1.0,0.0,0.0,0.0,0.0
FALCO,1,FINAL_DESTINATION,44,7,4,0.065040650406504,0.0,0.0,1.0,0.0,0.0
MARTH,0,FINAL_DESTINATION,42,4,2,0.2357731684154448,1.0,0.0,0.0,0.0,0.0
FALCO,1,FINAL_DESTINATION,42,4,2,0.065040650406504,0.0,0.0,1.0,0.0,0.0
MARTH,1,BATTLEFIELD,60,5,2,0.1964257327396105,0.0,1.0,0.0,0.0,0.0
FALCO,0,BATTLEFIELD,60,5,5,0.1785714285714285,0.0,1.0,0.0,0.0,0.0
CAPTAIN_FALCON,1,BATTLEFIELD,50,3,2,0.2070492862393854,0.0,1.0,0.0,0.0,0.0
CAPTAIN_FALCON,0,BATTLEFIELD,50,3,2,0.0571428571428571,0.0,0.0,0.0,1.0,0.0
CAPTAIN_FALCON,0,DREAM_LAND_N64,56,5,2,0.2024824071688282,0.0,0.0,0.0,1.0,0.0
CAPTAIN_FALCON,1,DREAM_LAND_N64,56,5,2,0.0,0.0,1.0,0.0,0.0,0.0
CAPTAIN_FALCON,0,DREAM_LAND_N64,73,3,2,0.1923278712187568,0.0,0.0,0.0,1.0,0.0
CAPTAIN_FALCON,1,DREAM_LAND_N64,73,3,2,0.0,0.0,0.0,1.0,0.0,0.0
JIGGLYPUFF,1,BATTLEFIELD,61,5,4,0.1994972695484649,0.0,1.0,0.0,0.0,0.0
FOX,0,BATTLEFIELD,61,5,2,0.1785714285714285,0.0,1.0,0.0,0.0,0.0
JIGGLYPUFF,0,DREAM_LAND_N64,52,4,4,0.1643343719461026,0.0,1.0,0.0,0.0,0.0
FOX,1,DREAM_LAND_N64,52,4,2,0.1827450980392156,0.0,1.0,0.0,0.0,0.0
MARTH,1,BATTLEFIELD,41,2,4,0.1860398584147483,0.0,1.0,0.0,0.0,0.0
FALCO,0,BATTLEFIELD,41,2,2,0.3151785714285714,0.0,1.0,0.0,0.0,0.0
MARTH,1,FINAL_DESTINATION,27,0,2,0.2197017794472955,1.0,0.0,0.0,0.0,0.0
FALCO,0,FINAL_DESTINATION,27,0,1,0.8571544715447155,1.0,0.0,0.0,0.0,0.0
MARTH,0,FINAL_DESTINATION,30,3,2,0.1904925862500752,0.0,0.0,1.0,0.0,0.0
FALCO,1,FINAL_DESTINATION,30,3,3,0.065040650406504,1.0,0.0,0.0,0.0,0.0
MARTH,1,DREAM_LAND_N64,33,2,2,0.210864776858519,0.0,0.0,0.0,1.0,0.0
FALCO,0,DREAM_LAND_N64,33,2,1,0.0,0.0,0.0,0.0,0.0,1.0
MARTH,0,FOUNTAIN_OF_DREAMS,44,2,7,0.1533297268311663,0.0,1.0,0.0,0.0,0.0
JIGGLYPUFF,1,FOUNTAIN_OF_DREAMS,44,2,4,0.0,0.0,0.0,0.0,1.0,0.0
MARTH,1,DREAM_LAND_N64,30,2,7,0.182009456569537,0.0,1.0,0.0,0.0,0.0
JIGGLYPUFF,0,DREAM_LAND_N64,30,2,2,0.3214509803921568,0.0,0.0,0.0,0.0,1.0
MARTH,1,FINAL_DESTINATION,57,4,14,0.1704067906618188,1.0,0.0,0.0,0.0,0.0
JIGGLYPUFF,0,FINAL_DESTINATION,57,4,2,0.1693495934959349,1.0,0.0,0.0,0.0,0.0
MARTH,0,FINAL_DESTINATION,47,0,5,0.1828132217909261,1.0,0.0,0.0,0.0,0.0
JIGGLYPUFF,1,FINAL_DESTINATION,47,0,2,0.065040650406504,0.0,0.0,1.0,0.0,0.0
MARTH,1,BATTLEFIELD,45,0,5,0.1572366117381075,0.0,0.0,0.0,1.0,0.0
JIGGLYPUFF,0,BATTLEFIELD,45,0,2,0.1795089285714285,0.0,1.0,0.0,0.0,0.0
FALCO,1,BATTLEFIELD,30,4,4,0.2031172049217532,0.0,1.0,0.0,0.0,0.0
FOX,0,BATTLEFIELD,30,4,2,0.3139285714285714,0.0,0.0,0.0,1.0,0.0
FALCO,0,YOSHIS_STORY,48,6,2,0.1795372490316805,0.0,0.0,0.0,1.0,0.0
FOX,1,YOSHIS_STORY,48,6,4,0.0060120240480961,0.0,0.0,0.0,0.0,1.0
FALCO,0,YOSHIS_STORY,29,8,3,0.1722597678253892,0.0,0.0,0.0,1.0,0.0
FOX,1,YOSHIS_STORY,29,8,2,0.0060120240480961,0.0,0.0,0.0,1.0,0.0
JIGGLYPUFF,1,BATTLEFIELD,18,2,12,0.1847096864539466,0.0,0.0,0.0,1.0,0.0
CAPTAIN_FALCON,0,BATTLEFIELD,18,2,2,0.1972767857142857,0.0,0.0,0.0,1.0,0.0
JIGGLYPUFF,0,BATTLEFIELD,51,2,2,0.1437877716128835,0.0,1.0,0.0,0.0,0.0
FOX,1,BATTLEFIELD,51,2,4,0.0571428571428571,0.0,0.0,0.0,1.0,0.0
JIGGLYPUFF,1,DREAM_LAND_N64,51,3,4,0.1420634005201956,0.0,1.0,0.0,0.0,0.0
FOX,0,DREAM_LAND_N64,51,3,4,0.1444705882352941,0.0,1.0,0.0,0.0,0.0
JIGGLYPUFF,0,FINAL_DESTINATION,35,2,1,0.1584114860720331,1.0,0.0,0.0,0.0,0.0
FOX,1,FINAL_DESTINATION,35,2,4,0.1563414634146341,1.0,0.0,0.0,0.0,0.0
JIGGLYPUFF,1,BATTLEFIELD,24,0,1,0.1511870983276609,0.0,1.0,0.0,0.0,0.0
FOX,0,BATTLEFIELD,24,0,4,0.034375,0.0,0.0,0.0,1.0,0.0
JIGGLYPUFF,1,BATTLEFIELD,41,0,4,0.1541575243167657,0.0,1.0,0.0,0.0,0.0
FOX,0,BATTLEFIELD,41,0,5,0.0571428571428571,0.0,1.0,0.0,0.0,0.0
JIGGLYPUFF,0,BATTLEFIELD,27,2,2,0.1844282694552265,0.0,1.0,0.0,0.0,0.0
FOX,1,BATTLEFIELD,27,2,4,0.0571428571428571,0.0,1.0,0.0,0.0,0.0
JIGGLYPUFF,1,DREAM_LAND_N64,22,1,4,0.1975963722126288,0.0,1.0,0.0,0.0,0.0
FOX,0,DREAM_LAND_N64,22,1,4,0.2843921568627451,0.0,1.0,0.0,0.0,0.0
JIGGLYPUFF,0,YOSHIS_STORY,26,0,4,0.221295282613356,0.0,1.0,0.0,0.0,0.0
FOX,1,YOSHIS_STORY,26,0,4,0.159404523332379,0.0,1.0,0.0,0.0,0.0
JIGGLYPUFF,0,BATTLEFIELD,24,1,3,0.2038241484552443,0.0,1.0,0.0,0.0,0.0
FOX,1,BATTLEFIELD,24,1,4,0.0571428571428571,0.0,1.0,0.0,0.0,0.0
PEACH,1,FINAL_DESTINATION,38,7,7,0.2498817873598807,1.0,0.0,0.0,0.0,0.0
SAMUS,0,FINAL_DESTINATION,38,7,7,0.355,1.0,0.0,0.0,0.0,0.0
MARTH,1,BATTLEFIELD,83,8,4,0.1671347307067197,0.0,0.0,0.0,1.0,0.0
FALCO,0,BATTLEFIELD,83,8,4,0.3139285714285714,0.0,1.0,0.0,0.0,0.0
JIGGLYPUFF,0,BATTLEFIELD,3,1,1,0.1767862590271436,0.0,1.0,0.0,0.0,0.0
SHEIK,1,BATTLEFIELD,3,1,2,0.1785714285714285,0.0,0.0,0.0,0.0,1.0
JIGGLYPUFF,1,BATTLEFIELD,44,6,4,0.1912232591396487,0.0,0.0,0.0,1.0,0.0
SHEIK,0,BATTLEFIELD,44,6,4,0.3263392857142856,0.0,0.0,0.0,1.0,0.0
FOX,1,BATTLEFIELD,9,0,1,0.1600751342785021,0.0,0.0,0.0,1.0,0.0
SHEIK,0,BATTLEFIELD,9,0,1,0.1732142857142857,0.0,1.0,0.0,0.0,0.0
FOX,0,BATTLEFIELD,24,5,1,0.1894453941984177,0.0,0.0,0.0,1.0,0.0
SHEIK,1,BATTLEFIELD,24,5,5,0.1785714285714285,0.0,0.0,0.0,1.0,0.0
FOX,0,YOSHIS_STORY,51,8,4,0.2040711299490019,0.0,0.0,0.0,1.0,0.0
SHEIK,1,YOSHIS_STORY,51,8,4,0.0060120240480961,0.0,0.0,0.0,1.0,0.0
FALCO,1,BATTLEFIELD,42,5,4,0.2106653218815288,0.0,0.0,0.0,1.0,0.0
FOX,0,BATTLEFIELD,42,5,4,0.3139285714285714,0.0,0.0,0.0,1.0,0.0
CAPTAIN_FALCON,0,FINAL_DESTINATION,52,7,2,0.2345810375502742,1.0,0.0,0.0,0.0,0.0
JIGGLYPUFF,1,FINAL_DESTINATION,52,7,7,0.2032520325203252,1.0,0.0,0.0,0.0,0.0
CAPTAIN_FALCON,1,BATTLEFIELD,63,1,5,0.1719971280925626,0.0,1.0,0.0,0.0,0.0
YOSHI,0,BATTLEFIELD,63,1,5,0.0571428571428571,0.0,1.0,0.0,0.0,0.0
CAPTAIN_FALCON,0,BATTLEFIELD,58,0,7,0.1967551002096483,0.0,1.0,0.0,0.0,0.0
YOSHI,1,BATTLEFIELD,58,0,3,0.3178571428571429,0.0,0.0,0.0,1.0,0.0
MARTH,0,BATTLEFIELD,32,8,4,0.190076211302464,0.0,0.0,0.0,0.0,1.0
JIGGLYPUFF,1,BATTLEFIELD,32,8,5,0.1732142857142857,0.0,1.0,0.0,0.0,0.0
CAPTAIN_FALCON,1,FINAL_DESTINATION,37,5,3,0.2288183670627616,0.0,0.0,1.0,0.0,0.0
JIGGLYPUFF,0,FINAL_DESTINATION,37,5,3,0.2439024390243902,0.0,0.0,1.0,0.0,0.0
YOSHI,0,BATTLEFIELD,96,12,3,0.2132083318337606,0.0,0.0,0.0,1.0,0.0
FOX,1,BATTLEFIELD,96,12,3,0.0571428571428571,0.0,0.0,0.0,1.0,0.0
YOSHI,0,BATTLEFIELD,61,12,4,0.1840244966263102,0.0,0.0,0.0,1.0,0.0
FOX,1,BATTLEFIELD,61,12,6,0.3178571428571429,0.0,0.0,0.0,1.0,0.0
YOSHI,1,BATTLEFIELD,77,8,4,0.1883029861094327,0.0,0.0,0.0,1.0,0.0
FOX,0,BATTLEFIELD,77,8,5,0.1732142857142857,0.0,1.0,0.0,0.0,0.0
YOSHI,0,BATTLEFIELD,57,6,5,0.2044480760561139,0.0,0.0,0.0,1.0,0.0
FOX,1,BATTLEFIELD,57,6,4,0.3178571428571429,0.0,0.0,0.0,1.0,0.0
YOSHI,1,YOSHIS_STORY,47,4,4,0.222945334523079,0.0,1.0,0.0,0.0,0.0
FOX,0,YOSHIS_STORY,47,4,4,0.0060120240480961,0.0,0.0,0.0,0.0,1.0
ZELDA,1,BATTLEFIELD,38,2,1,0.1747277289332589,0.0,0.0,0.0,1.0,0.0
SHEIK,0,BATTLEFIELD,38,2,1,0.3178571428571429,0.0,0.0,0.0,1.0,0.0
SHEIK,1,YOSHIS_STORY,16,3,4,0.2254947230325229,0.0,0.0,0.0,1.0,0.0
SHEIK,0,YOSHIS_STORY,16,3,1,0.416432865731463,0.0,0.0,0.0,1.0,0.0
SHEIK,0,BATTLEFIELD,16,6,1,0.1726741572544098,0.0,1.0,0.0,0.0,0.0
SHEIK,1,BATTLEFIELD,16,6,3,0.1785714285714285,0.0,0.0,0.0,1.0,0.0
SHEIK,0,FOUNTAIN_OF_DREAMS,21,10,3,0.1991379259909317,0.0,1.0,0.0,0.0,0.0
SHEIK,1,FOUNTAIN_OF_DREAMS,21,10,2,0.0,1.0,0.0,0.0,0.0,0.0
SHEIK,0,FOUNTAIN_OF_DREAMS,16,4,2,0.2119610569374555,0.0,1.0,0.0,0.0,0.0
SHEIK,1,FOUNTAIN_OF_DREAMS,16,4,3,0.0,0.0,1.0,0.0,0.0,0.0
ROY,0,YOSHIS_STORY,15,3,5,0.1809140447113277,0.0,1.0,0.0,0.0,0.0
FOX,1,YOSHIS_STORY,15,3,4,0.0060120240480961,1.0,0.0,0.0,0.0,0.0
ROY,0,FINAL_DESTINATION,32,13,5,0.1662425755161591,0.0,0.0,1.0,0.0,0.0
FOX,1,FINAL_DESTINATION,32,13,4,0.065040650406504,1.0,0.0,0.0,0.0,0.0
ROY,0,FOUNTAIN_OF_DREAMS,32,5,3,0.1894757408358696,1.0,0.0,0.0,0.0,0.0
FOX,1,FOUNTAIN_OF_DREAMS,32,5,4,0.0,1.0,0.0,0.0,0.0,0.0
MARTH,1,BATTLEFIELD,46,9,2,0.1731347098214285,0.0,0.0,0.0,1.0,0.0
FALCO,0,BATTLEFIELD,46,9,4,0.0490178571428571,0.0,0.0,0.0,1.0,0.0
MARTH,1,FINAL_DESTINATION,29,8,2,0.1991475974799016,0.0,0.0,1.0,0.0,0.0
FALCO,0,FINAL_DESTINATION,29,8,4,0.027560975609756,0.0,0.0,1.0,0.0,0.0
MARIO,0,BATTLEFIELD,24,3,3,0.1696395851313282,0.0,0.0,0.0,1.0,0.0
FOX,1,BATTLEFIELD,24,3,2,0.0571428571428571,0.0,1.0,0.0,0.0,0.0
MARIO,0,YOSHIS_STORY,19,5,5,0.1786690756844028,0.0,1.0,0.0,0.0,0.0
FOX,1,YOSHIS_STORY,19,5,4,0.0060120240480961,0.0,1.0,0.0,0.0,0.0
CAPTAIN_FALCON,1,BATTLEFIELD,22,1,4,0.2072844801316431,0.0,0.0,0.0,1.0,0.0
FOX,0,BATTLEFIELD,22,1,1,0.1496428571428571,0.0,0.0,0.0,1.0,0.0
CAPTAIN_FALCON,1,BATTLEFIELD,55,9,4,0.1587650401533887,0.0,1.0,0.0,0.0,0.0
FOX,0,BATTLEFIELD,55,9,2,0.0571428571428571,0.0,1.0,0.0,0.0,0.0
MARTH,0,BATTLEFIELD,19,4,1,0.1617351862674085,0.0,1.0,0.0,0.0,0.0
FALCO,1,BATTLEFIELD,19,4,0,0.201875,0.0,0.0,0.0,1.0,0.0
MARTH,1,BATTLEFIELD,25,8,2,0.1981283474018095,0.0,1.0,0.0,0.0,0.0
FALCO,0,BATTLEFIELD,25,8,2,0.0892857142857142,0.0,1.0,0.0,0.0,0.0
MARTH,1,YOSHIS_STORY,20,4,3,0.2119060771730296,0.0,0.0,0.0,0.0,1.0
FALCO,0,YOSHIS_STORY,20,4,1,0.2464929859719439,0.0,0.0,0.0,1.0,0.0
SAMUS,1,FOUNTAIN_OF_DREAMS,9,2,6,0.232269622627905,0.0,1.0,0.0,0.0,0.0
SHEIK,0,FOUNTAIN_OF_DREAMS,9,2,12,0.2693333333333333,0.0,0.0,0.0,1.0,0.0
SAMUS,1,YOSHIS_STORY,13,2,3,0.2599243278283751,0.0,0.0,0.0,1.0,0.0
ZELDA,0,YOSHIS_STORY,13,2,10,0.2464929859719439,0.0,0.0,0.0,1.0,0.0
FALCO,0,BATTLEFIELD,5,6,0,0.2135519606038291,0.0,0.0,0.0,0.0,1.0
JIGGLYPUFF,1,BATTLEFIELD,5,6,0,0.0839285714285714,0.0,0.0,0.0,1.0,0.0
FALCO,1,BATTLEFIELD,37,3,4,0.2143654651572812,0.0,1.0,0.0,0.0,0.0
JIGGLYPUFF,0,BATTLEFIELD,37,3,1,0.0571428571428571,0.0,1.0,0.0,0.0,0.0
FALCO,1,FOUNTAIN_OF_DREAMS,36,3,4,0.2001287899418224,0.0,0.0,0.0,0.0,1.0
JIGGLYPUFF,0,FOUNTAIN_OF_DREAMS,36,3,2,0.0,0.0,0.0,0.0,1.0,0.0
MARTH,0,FOUNTAIN_OF_DREAMS,21,3,2,0.1878931003272297,0.0,1.0,0.0,0.0,0.0
MARTH,1,FOUNTAIN_OF_DREAMS,21,3,1,0.3333836477987422,0.0,0.0,1.0,0.0,0.0
MARTH,0,YOSHIS_STORY,30,1,4,0.1952559439675364,0.0,0.0,0.0,0.0,1.0
MARTH,1,YOSHIS_STORY,30,1,2,0.3433152018322359,0.0,0.0,0.0,1.0,0.0
DONKEY_KONG,0,BATTLEFIELD,51,7,4,0.1763383490804202,0.0,1.0,0.0,0.0,0.0
FOX,1,BATTLEFIELD,51,7,5,0.0571428571428571,0.0,1.0,0.0,0.0,0.0
FALCO,1,YOSHIS_STORY,39,6,1,0.2122615718425755,0.0,0.0,0.0,0.0,1.0
DONKEY_KONG,0,YOSHIS_STORY,39,6,6,0.0060120240480961,0.0,0.0,0.0,1.0,0.0
FALCO,0,BATTLEFIELD,33,3,4,0.2138137615752783,0.0,0.0,0.0,1.0,0.0
SHEIK,1,BATTLEFIELD,33,3,6,0.0571428571428571,0.0,0.0,0.0,1.0,0.0
FALCO,0,DREAM_LAND_N64,24,2,2,0.2127234111233576,0.0,1.0,0.0,0.0,0.0
FOX,1,DREAM_LAND_N64,24,2,4,0.0,0.0,0.0,0.0,0.0,1.0
MARTH,0,FINAL_DESTINATION,9,1,1,0.2123687493039314,0.0,0.0,1.0,0.0,0.0
FOX,1,FINAL_DESTINATION,9,1,4,0.065040650406504,0.0,0.0,1.0,0.0,0.0
FOX,0,FINAL_DESTINATION,16,3,3,0.2436251057001739,0.0,0.0,1.0,0.0,0.0
FOX,1,FINAL_DESTINATION,16,3,4,0.065040650406504,0.0,0.0,1.0,0.0,0.0
PEACH,0,FOUNTAIN_OF_DREAMS,0,6,3,0.1669055106319257,0.0,1.0,0.0,0.0,0.0
FOX,1,FOUNTAIN_OF_DREAMS,0,6,4,0.0,0.0,0.0,0.0,0.0,1.0
PEACH,0,FOUNTAIN_OF_DREAMS,0,5,3,0.1677316927768248,0.0,0.0,0.0,1.0,0.0
FOX,1,FOUNTAIN_OF_DREAMS,0,5,4,0.0,0.0,0.0,0.0,1.0,0.0
MARTH,1,BATTLEFIELD,33,5,4,0.2490967116684641,0.0,0.0,0.0,1.0,0.0
FALCO,0,BATTLEFIELD,33,5,1,0.3151785714285714,0.0,0.0,0.0,1.0,0.0
FALCO,0,FOUNTAIN_OF_DREAMS,10,2,2,0.1415739771732129,0.0,1.0,0.0,0.0,0.0
FOX,1,FOUNTAIN_OF_DREAMS,10,2,4,0.0,0.0,1.0,0.0,0.0,0.0
FALCO,0,BATTLEFIELD,27,2,2,0.1521658832330195,0.0,1.0,0.0,0.0,0.0
CAPTAIN_FALCON,1,BATTLEFIELD,27,2,4,0.0571428571428571,0.0,1.0,0.0,0.0,0.0
FALCO,0,DREAM_LAND_N64,39,7,2,0.16966988267827,0.0,1.0,0.0,0.0,0.0
CAPTAIN_FALCON,1,DREAM_LAND_N64,39,7,2,0.0,0.0,1.0,0.0,0.0,0.0
FOX,1,BATTLEFIELD,34,5,4,0.1949544679650706,0.0,1.0,0.0,0.0,0.0
FOX,0,BATTLEFIELD,34,5,4,0.0571428571428571,0.0,1.0,0.0,0.0,0.0
FOX,1,YOSHIS_STORY,46,0,4,0.2370749435378694,0.0,1.0,0.0,0.0,0.0
FOX,0,YOSHIS_STORY,46,0,4,0.0060120240480961,0.0,1.0,0.0,0.0,0.0
FALCO,1,DREAM_LAND_N64,39,5,4,0.1780813593689802,0.0,0.0,0.0,1.0,0.0
FOX,0,DREAM_LAND_N64,39,5,2,0.3105490196078431,0.0,0.0,0.0,0.0,1.0
POPO,0,BATTLEFIELD,45,0,0,0.188395298899773,0.0,1.0,0.0,0.0,0.0
CAPTAIN_FALCON,1,BATTLEFIELD,45,0,1,0.1785714285714285,0.0,0.0,0.0,1.0,0.0
POPO,1,YOSHIS_STORY,91,3,2,0.2588841055079511,0.0,0.0,0.0,1.0,0.0
CAPTAIN_FALCON,0,YOSHIS_STORY,91,3,2,0.0060120240480961,0.0,0.0,0.0,1.0,0.0
FOX,0,BATTLEFIELD,47,1,2,0.1203697454978072,0.0,0.0,0.0,1.0,0.0
SHEIK,1,BATTLEFIELD,47,1,1,0.1862053571428571,0.0,0.0,0.0,1.0,0.0
FOX,0,BATTLEFIELD,29,3,4,0.1759677794241552,0.0,0.0,0.0,1.0,0.0
SHEIK,1,BATTLEFIELD,29,3,3,0.0571428571428571,0.0,1.0,0.0,0.0,0.0
FOX,0,YOSHIS_STORY,32,2,4,0.1962886331332873,0.0,1.0,0.0,0.0,0.0
SHEIK,1,YOSHIS_STORY,32,2,3,0.0060120240480961,0.0,1.0,0.0,0.0,0.0
FOX,1,BATTLEFIELD,42,4,4,0.2145981344326439,0.0,0.0,0.0,1.0,0.0
FOX,0,BATTLEFIELD,42,4,4,0.3139285714285714,0.0,0.0,0.0,1.0,0.0
FOX,1,DREAM_LAND_N64,43,2,4,0.2063785778009463,0.0,0.0,1.0,0.0,0.0
FOX,0,DREAM_LAND_N64,43,2,4,0.0,0.0,0.0,1.0,0.0,0.0
MARTH,0,BATTLEFIELD,46,0,0,0.1813444191845115,0.0,1.0,0.0,0.0,0.0
CAPTAIN_FALCON,1,BATTLEFIELD,46,0,1,0.1976785714285714,0.0,0.0,0.0,1.0,0.0
MARTH,0,BATTLEFIELD,58,3,4,0.1685201395880722,0.0,0.0,0.0,1.0,0.0
CAPTAIN_FALCON,1,BATTLEFIELD,58,3,2,0.1785714285714285,0.0,0.0,0.0,1.0,0.0
GAME_AND_WATCH,0,BATTLEFIELD,0,0,0,0.227867573051948,0.0,1.0,0.0,0.0,0.0
GAME_AND_WATCH,1,BATTLEFIELD,0,0,0,0.1785714285714285,0.0,0.0,0.0,1.0,0.0
PEACH,1,BATTLEFIELD,25,5,4,0.1531160590820794,0.0,0.0,0.0,0.0,1.0
FOX,0,BATTLEFIELD,25,5,2,0.1785714285714285,0.0,1.0,0.0,0.0,0.0
PEACH,1,FINAL_DESTINATION,40,5,4,0.1628662735601307,0.0,0.0,1.0,0.0,0.0
FOX,0,FINAL_DESTINATION,40,5,1,0.2032520325203252,0.0,0.0,1.0,0.0,0.0
PEACH,0,FINAL_DESTINATION,31,4,2,0.1863756483519945,0.0,0.0,1.0,0.0,0.0
FOX,1,FINAL_DESTINATION,31,4,2,0.2032520325203252,0.0,0.0,1.0,0.0,0.0
FOX,0,BATTLEFIELD,17,1,0,0.1349298169048392,0.0,1.0,0.0,0.0,0.0
DR_MARIO,1,BATTLEFIELD,17,1,0,0.0571428571428571,0.0,0.0,0.0,1.0,0.0
FOX,0,BATTLEFIELD,97,19,1,0.1340921761921285,0.0,0.0,0.0,1.0,0.0
DR_MARIO,1,BATTLEFIELD,97,19,1,0.2221875,0.0,1.0,0.0,0.0,0.0
FOX,1,BATTLEFIELD,25,7,4,0.174767377896316,0.0,0.0,0.0,1.0,0.0
DR_MARIO,0,BATTLEFIELD,25,7,4,0.1732142857142857,0.0,0.0,0.0,1.0,0.0
FOX,1,FINAL_DESTINATION,28,4,4,0.1814154261536608,1.0,0.0,0.0,0.0,0.0
DR_MARIO,0,FINAL_DESTINATION,28,4,5,0.1172764227642276,1.0,0.0,0.0,0.0,0.0
CAPTAIN_FALCON,0,BATTLEFIELD,25,10,0,0.1998462237131719,0.0,0.0,0.0,1.0,0.0
FOX,1,BATTLEFIELD,25,10,1,0.1923660714285714,1.0,0.0,0.0,0.0,0.0
CAPTAIN_FALCON,0,BATTLEFIELD,32,3,2,0.1957424462619981,0.0,0.0,0.0,1.0,0.0
FOX,1,BATTLEFIELD,32,3,2,0.0571428571428571,0.0,1.0,0.0,0.0,0.0
CAPTAIN_FALCON,0,BATTLEFIELD,34,4,2,0.2104515671115103,0.0,1.0,0.0,0.0,0.0
FOX,1,BATTLEFIELD,34,4,4,0.0571428571428571,0.0,0.0,0.0,1.0,0.0
PIKACHU,0,BATTLEFIELD,18,3,1,0.1724133333988521,0.0,0.0,0.0,1.0,0.0
SHEIK,1,BATTLEFIELD,18,3,5,0.0571428571428571,0.0,0.0,0.0,1.0,0.0
PIKACHU,0,YOSHIS_STORY,20,5,7,0.2172299506493918,0.0,1.0,0.0,0.0,0.0
SHEIK,1,YOSHIS_STORY,20,5,2,0.0060120240480961,0.0,0.0,0.0,0.0,1.0
FOX,0,BATTLEFIELD,5,5,4,0.131837119475518,0.0,0.0,0.0,0.0,1.0
FOX,1,BATTLEFIELD,5,5,4,0.0571428571428571,0.0,1.0,0.0,0.0,0.0
FOX,1,DREAM_LAND_N64,52,7,5,0.2176113533610089,0.0,0.0,0.0,1.0,0.0
FOX,0,DREAM_LAND_N64,52,7,4,0.0,0.0,0.0,0.0,1.0,0.0
FOX,1,DREAM_LAND_N64,46,7,4,0.1770160648734379,0.0,1.0,0.0,0.0,0.0
FOX,0,DREAM_LAND_N64,46,7,4,0.0,0.0,0.0,0.0,1.0,0.0
FOX,0,BATTLEFIELD,26,5,4,0.1745432803635521,0.0,0.0,0.0,1.0,0.0
FOX,1,BATTLEFIELD,26,5,4,0.0571428571428571,0.0,0.0,0.0,1.0,0.0
MARTH,1,BATTLEFIELD,33,3,4,0.2287636115548456,0.0,0.0,0.0,1.0,0.0
FOX,0,BATTLEFIELD,33,3,1,0.3139285714285714,0.0,0.0,1.0,0.0,0.0
MARTH,1,FINAL_DESTINATION,51,3,4,0.2081598908242905,1.0,0.0,0.0,0.0,0.0
FOX,0,FINAL_DESTINATION,51,3,2,0.3478455284552845,1.0,0.0,0.0,0.0,0.0
MARTH,1,FINAL_DESTINATION,34,2,4,0.2277301064808613,1.0,0.0,0.0,0.0,0.0
FOX,0,FINAL_DESTINATION,34,2,2,0.3478455284552845,0.0,0.0,1.0,0.0,0.0
CAPTAIN_FALCON,1,BATTLEFIELD,13,5,2,0.2053289305786546,0.0,1.0,0.0,0.0,0.0
SHEIK,0,BATTLEFIELD,13,5,2,0.3178571428571429,0.0,1.0,0.0,0.0,0.0
CAPTAIN_FALCON,0,YOSHIS_STORY,12,1,6,0.2063484193744715,0.0,1.0,0.0,0.0,0.0
SHEIK,1,YOSHIS_STORY,12,1,2,0.0060120240480961,0.0,1.0,0.0,0.0,0.0
CAPTAIN_FALCON,0,DREAM_LAND_N64,18,1,3,0.1745501472692081,0.0,0.0,0.0,0.0,1.0
SHEIK,1,DREAM_LAND_N64,18,1,2,0.0,0.0,0.0,0.0,1.0,0.0
FALCO,1,BATTLEFIELD,24,6,2,0.2226769453160192,0.0,0.0,0.0,1.0,0.0
SHEIK,0,BATTLEFIELD,24,6,1,0.3151785714285714,0.0,0.0,0.0,1.0,0.0
FALCO,0,FOUNTAIN_OF_DREAMS,21,4,1,0.2424195177713856,0.0,0.0,0.0,1.0,0.0
SHEIK,1,FOUNTAIN_OF_DREAMS,21,4,1,0.0,0.0,0.0,1.0,0.0,0.0
FALCO,1,YOSHIS_STORY,27,4,1,0.2217827628511064,0.0,1.0,0.0,0.0,0.0
SHEIK,0,YOSHIS_STORY,27,4,1,0.3272258803320928,0.0,0.0,0.0,1.0,0.0
FALCO,1,BATTLEFIELD,39,3,3,0.24164120088825,0.0,0.0,0.0,0.0,1.0
ZELDA,0,BATTLEFIELD,39,3,4,0.1785714285714285,0.0,0.0,1.0,0.0,0.0
FALCO,0,BATTLEFIELD,32,3,1,0.1075046808790198,0.0,1.0,0.0,0.0,0.0
JIGGLYPUFF,1,BATTLEFIELD,32,3,2,0.1785714285714285,0.0,0.0,0.0,0.0,1.0
FALCO,0,BATTLEFIELD,48,6,4,0.1471451223101692,0.0,1.0,0.0,0.0,0.0
JIGGLYPUFF,1,BATTLEFIELD,48,6,4,0.1785714285714285,0.0,0.0,0.0,1.0,0.0
FALCO,0,FINAL_DESTINATION,33,2,4,0.1668179379971365,1.0,0.0,0.0,0.0,0.0
JIGGLYPUFF,1,FINAL_DESTINATION,33,2,3,0.2032520325203252,0.0,0.0,1.0,0.0,0.0
FALCO,0,FINAL_DESTINATION,36,0,4,0.1716330375038181,1.0,0.0,0.0,0.0,0.0
JIGGLYPUFF,1,FINAL_DESTINATION,36,0,4,0.2032520325203252,1.0,0.0,0.0,0.0,0.0
PIKACHU,1,YOSHIS_STORY,23,1,0,0.1442312364383581,0.0,1.0,0.0,0.0,0.0
FOX,0,YOSHIS_STORY,23,1,0,0.2277125679931291,0.0,0.0,1.0,0.0,0.0
PIKACHU,1,BATTLEFIELD,31,2,7,0.2064165441623363,0.0,1.0,0.0,0.0,0.0
FOX,0,BATTLEFIELD,31,2,3,0.1732142857142857,0.0,0.0,0.0,1.0,0.0
PIKACHU,0,FOUNTAIN_OF_DREAMS,21,5,3,0.1848185628261742,0.0,0.0,0.0,0.0,1.0
FOX,1,FOUNTAIN_OF_DREAMS,21,5,4,0.0,0.0,1.0,0.0,0.0,0.0
PIKACHU,1,FINAL_DESTINATION,17,0,5,0.2643576112077893,1.0,0.0,0.0,0.0,0.0
FOX,0,FINAL_DESTINATION,17,0,3,0.111910569105691,1.0,0.0,0.0,0.0,0.0
PIKACHU,0,YOSHIS_STORY,29,2,7,0.2066273799089141,0.0,0.0,0.0,0.0,1.0
FOX,1,YOSHIS_STORY,29,2,4,0.3225880332092757,0.0,0.0,0.0,1.0,0.0
FOX,1,DREAM_LAND_N64,47,3,4,0.1912123259046985,0.0,0.0,0.0,1.0,0.0
FOX,0,DREAM_LAND_N64,47,3,4,0.0,0.0,0.0,0.0,1.0,0.0
FOX,0,BATTLEFIELD,25,3,4,0.1678359312074394,0.0,1.0,0.0,0.0,0.0
FOX,1,BATTLEFIELD,25,3,4,0.0571428571428571,0.0,1.0,0.0,0.0,0.0
FOX,0,YOSHIS_STORY,21,3,6,0.1786903027165361,0.0,1.0,0.0,0.0,0.0
FOX,1,YOSHIS_STORY,21,3,4,0.0060120240480961,0.0,0.0,0.0,1.0,0.0
FOX,0,FOUNTAIN_OF_DREAMS,34,7,4,0.1615206479693183,0.0,1.0,0.0,0.0,0.0
FOX,1,FOUNTAIN_OF_DREAMS,34,7,4,0.0,0.0,1.0,0.0,0.0,0.0
FALCO,0,DREAM_LAND_N64,41,0,1,0.158545805671763,0.0,0.0,0.0,1.0,0.0
FOX,1,DREAM_LAND_N64,41,0,4,0.0,0.0,0.0,0.0,1.0,0.0
FALCO,1,YOSHIS_STORY,18,2,2,0.2232976093403753,0.0,0.0,0.0,0.0,1.0
FOX,0,YOSHIS_STORY,18,2,4,0.4242771256799314,0.0,0.0,0.0,0.0,1.0
FALCO,0,BATTLEFIELD,34,4,4,0.173005667488651,0.0,1.0,0.0,0.0,0.0
FOX,1,BATTLEFIELD,34,4,4,0.3151785714285714,0.0,0.0,0.0,1.0,0.0
FALCO,1,BATTLEFIELD,29,0,2,0.1966018390435203,0.0,1.0,0.0,0.0,0.0
FOX,0,BATTLEFIELD,29,0,4,0.1785714285714285,0.0,0.0,0.0,1.0,0.0
MARTH,1,FOUNTAIN_OF_DREAMS,61,3,2,0.1957041869775146,0.0,1.0,0.0,0.0,0.0
JIGGLYPUFF,0,FOUNTAIN_OF_DREAMS,61,3,8,0.0330062893081761,0.0,1.0,0.0,0.0,0.0
MARTH,1,DREAM_LAND_N64,91,6,2,0.1709514593226134,0.0,1.0,0.0,0.0,0.0
JIGGLYPUFF,0,DREAM_LAND_N64,91,6,7,0.0,0.0,0.0,0.0,1.0,0.0
MARTH,1,DREAM_LAND_N64,38,3,2,0.2038416967397587,0.0,1.0,0.0,0.0,0.0
JIGGLYPUFF,0,DREAM_LAND_N64,38,3,5,0.3618823529411765,0.0,1.0,0.0,0.0,0.0
FOX,1,DREAM_LAND_N64,39,4,4,0.2167527146271564,0.0,1.0,0.0,0.0,0.0
FOX,0,DREAM_LAND_N64,39,4,4,0.1827450980392156,0.0,0.0,0.0,1.0,0.0
FOX,1,FINAL_DESTINATION,26,4,4,0.2339616645144013,0.0,0.0,1.0,0.0,0.0
FOX,0,FINAL_DESTINATION,26,4,4,0.04130081300813,0.0,0.0,1.0,0.0,0.0
FOX,0,BATTLEFIELD,19,1,4,0.2162909767316017,0.0,0.0,0.0,1.0,0.0
FOX,1,BATTLEFIELD,19,1,4,0.0571428571428571,0.0,0.0,0.0,1.0,0.0
FOX,1,BATTLEFIELD,52,5,4,0.2125449835565726,0.0,0.0,0.0,1.0,0.0
FOX,0,BATTLEFIELD,52,5,4,0.3139285714285714,0.0,0.0,0.0,1.0,0.0
YOSHI,1,BATTLEFIELD,50,1,3,0.1791768543115802,0.0,0.0,0.0,1.0,0.0
FOX,0,BATTLEFIELD,50,1,3,0.1447767857142857,0.0,1.0,0.0,0.0,0.0
YOSHI,1,DREAM_LAND_N64,47,2,3,0.168407397949412,0.0,0.0,0.0,1.0,0.0
FOX,0,DREAM_LAND_N64,47,2,4,0.0,0.0,1.0,0.0,0.0,0.0
YOSHI,1,FINAL_DESTINATION,50,1,2,0.2177833225273642,0.0,0.0,1.0,0.0,0.0
FOX,0,FINAL_DESTINATION,50,1,3,0.3034552845528455,0.0,0.0,1.0,0.0,0.0
FALCO,1,BATTLEFIELD,23,1,6,0.1910665082565284,0.0,1.0,0.0,0.0,0.0
SHEIK,0,BATTLEFIELD,23,1,2,0.3178571428571429,0.0,0.0,0.0,1.0,0.0
FALCO,1,YOSHIS_STORY,22,5,2,0.2353810099901361,0.0,0.0,0.0,0.0,1.0
SHEIK,0,YOSHIS_STORY,22,5,3,0.281019181219582,0.0,0.0,0.0,1.0,0.0
CAPTAIN_FALCON,1,BATTLEFIELD,42,2,2,0.2052034604377528,0.0,1.0,0.0,0.0,0.0
CAPTAIN_FALCON,0,BATTLEFIELD,42,2,2,0.0571428571428571,0.0,0.0,0.0,1.0,0.0
CAPTAIN_FALCON,1,BATTLEFIELD,76,0,2,0.1934861943561975,0.0,1.0,0.0,0.0,0.0
CAPTAIN_FALCON,0,BATTLEFIELD,76,0,2,0.0571428571428571,0.0,1.0,0.0,0.0,0.0
PEACH,1,BATTLEFIELD,15,6,2,0.2268372930301711,0.0,1.0,0.0,0.0,0.0
PIKACHU,0,BATTLEFIELD,15,6,7,0.1785714285714285,0.0,1.0,0.0,0.0,0.0
PEACH,0,DREAM_LAND_N64,8,3,5,0.2095033994037266,0.0,1.0,0.0,0.0,0.0
PIKACHU,1,DREAM_LAND_N64,8,3,7,0.0,0.0,0.0,0.0,1.0,0.0
PEACH,1,DREAM_LAND_N64,7,0,2,0.1762604556739777,0.0,1.0,0.0,0.0,0.0
PIKACHU,0,DREAM_LAND_N64,7,0,7,0.0,0.0,1.0,0.0,0.0,0.0
JIGGLYPUFF,1,BATTLEFIELD,23,2,4,0.1860949810073157,0.0,0.0,0.0,1.0,0.0
FOX,0,BATTLEFIELD,23,2,3,0.0571428571428571,0.0,0.0,0.0,1.0,0.0
JIGGLYPUFF,1,DREAM_LAND_N64,39,4,4,0.144828377008541,0.0,0.0,0.0,0.0,1.0
FOX,0,DREAM_LAND_N64,39,4,4,0.0052941176470588,0.0,0.0,0.0,1.0,0.0
JIGGLYPUFF,0,BATTLEFIELD,10,4,4,0.3049798366513527,0.0,0.0,0.0,1.0,0.0
FOX,1,BATTLEFIELD,10,4,8,0.0571428571428571,0.0,0.0,0.0,1.0,0.0
JIGGLYPUFF,0,FINAL_DESTINATION,32,0,4,0.2263767536516155,0.0,0.0,1.0,0.0,0.0
FOX,1,FINAL_DESTINATION,32,0,4,0.065040650406504,0.0,0.0,1.0,0.0,0.0
PEACH,0,DREAM_LAND_N64,11,3,3,0.1877799387002107,0.0,0.0,0.0,1.0,0.0
CAPTAIN_FALCON,1,DREAM_LAND_N64,11,3,2,0.0,0.0,0.0,0.0,1.0,0.0
PEACH,0,FOUNTAIN_OF_DREAMS,7,3,2,0.1898363622852965,0.0,0.0,1.0,0.0,0.0
CAPTAIN_FALCON,1,FOUNTAIN_OF_DREAMS,7,3,2,0.0,0.0,0.0,0.0,1.0,0.0
PEACH,0,FOUNTAIN_OF_DREAMS,12,2,2,0.1949946059599133,0.0,1.0,0.0,0.0,0.0
CAPTAIN_FALCON,1,FOUNTAIN_OF_DREAMS,12,2,3,0.0,0.0,1.0,0.0,0.0,0.0
MARTH,1,BATTLEFIELD,31,0,4,0.1941123630762209,0.0,0.0,0.0,1.0,0.0
FOX,0,BATTLEFIELD,31,0,3,0.3053571428571429,0.0,0.0,0.0,0.0,1.0
MARTH,0,FINAL_DESTINATION,11,2,5,0.1559135621618762,1.0,0.0,0.0,0.0,0.0
FOX,1,FINAL_DESTINATION,11,2,2,0.065040650406504,1.0,0.0,0.0,0.0,0.0
MARTH,0,DREAM_LAND_N64,27,6,4,0.1934021153834934,0.0,1.0,0.0,0.0,0.0
FOX,1,DREAM_LAND_N64,27,6,2,0.3105490196078431,0.0,1.0,0.0,0.0,0.0
MARTH,1,DREAM_LAND_N64,40,4,5,0.2039573525297812,0.0,1.0,0.0,0.0,0.0
FOX,0,DREAM_LAND_N64,40,4,2,0.0,0.0,0.0,0.0,0.0,1.0
YOSHI,0,BATTLEFIELD,69,9,4,0.17174810604276,0.0,1.0,0.0,0.0,0.0
SHEIK,1,BATTLEFIELD,69,9,2,0.3150446428571428,0.0,0.0,0.0,1.0,0.0
YOSHI,1,YOSHIS_STORY,47,3,2,0.2631201328072896,1.0,0.0,0.0,0.0,0.0
SHEIK,0,YOSHIS_STORY,47,3,3,0.3390781563126253,0.0,1.0,0.0,0.0,0.0
YOSHI,1,FINAL_DESTINATION,61,2,2,0.2152788078956694,0.0,0.0,1.0,0.0,0.0
SHEIK,0,FINAL_DESTINATION,61,2,3,0.3566260162601626,1.0,0.0,0.0,0.0,0.0
YOSHI,1,DREAM_LAND_N64,87,5,2,0.180964539227605,0.0,1.0,0.0,0.0,0.0
SHEIK,0,DREAM_LAND_N64,87,5,1,0.3115294117647059,0.0,0.0,0.0,1.0,0.0
CAPTAIN_FALCON,1,BATTLEFIELD,36,1,3,0.1769119627170048,0.0,0.0,0.0,1.0,0.0
FOX,0,BATTLEFIELD,36,1,2,0.0571428571428571,0.0,0.0,0.0,1.0,0.0
CAPTAIN_FALCON,1,FINAL_DESTINATION,27,2,4,0.2540903567562588,0.0,0.0,1.0,0.0,0.0
FOX,0,FINAL_DESTINATION,27,2,1,0.2439024390243902,0.0,0.0,1.0,0.0,0.0
CAPTAIN_FALCON,1,BATTLEFIELD,76,5,4,0.1983015549102697,0.0,0.0,0.0,1.0,0.0
FOX,0,BATTLEFIELD,76,5,2,0.0571428571428571,0.0,0.0,0.0,1.0,0.0
FOX,0,DREAM_LAND_N64,29,1,4,0.1632592846718041,0.0,0.0,0.0,0.0,1.0
SHEIK,1,DREAM_LAND_N64,29,1,3,0.3105490196078431,0.0,0.0,0.0,0.0,1.0
FOX,0,FINAL_DESTINATION,14,0,4,0.2080879435565806,1.0,0.0,0.0,0.0,0.0
SHEIK,1,FINAL_DESTINATION,14,0,5,0.065040650406504,0.0,0.0,1.0,0.0,0.0
ZELDA,1,FINAL_DESTINATION,17,0,3,0.2360859098292113,0.0,0.0,1.0,0.0,0.0
FOX,0,FINAL_DESTINATION,17,0,1,0.0439837398373983,1.0,0.0,0.0,0.0,0.0
FOX,0,BATTLEFIELD,38,1,3,0.2182851075494012,0.0,0.0,0.0,1.0,0.0
SHEIK,1,BATTLEFIELD,38,1,1,0.0571428571428571,0.0,0.0,0.0,1.0,0.0
MARTH,1,BATTLEFIELD,53,11,3,0.2125735204775945,0.0,0.0,0.0,1.0,0.0
YOSHI,0,BATTLEFIELD,53,11,2,0.3150446428571428,0.0,0.0,0.0,1.0,0.0
FOX,0,BATTLEFIELD,27,4,4,0.1971981193168921,0.0,1.0,0.0,0.0,0.0
SHEIK,1,BATTLEFIELD,27,4,2,0.0571428571428571,0.0,1.0,0.0,0.0,0.0
FOX,1,FINAL_DESTINATION,31,2,4,0.2579489200432996,1.0,0.0,0.0,0.0,0.0
SHEIK,0,FINAL_DESTINATION,31,2,1,0.355650406504065,0.0,0.0,1.0,0.0,0.0
FOX,1,FOUNTAIN_OF_DREAMS,25,2,3,0.1925165300204074,0.0,0.0,0.0,1.0,0.0
SHEIK,0,FOUNTAIN_OF_DREAMS,25,2,2,0.3284025157232704,0.0,0.0,1.0,0.0,0.0
ZELDA,1,FOUNTAIN_OF_DREAMS,23,3,4,0.2078822076993043,0.0,1.0,0.0,0.0,0.0
FOX,0,FOUNTAIN_OF_DREAMS,23,3,4,0.3284025157232704,0.0,0.0,0.0,0.0,1.0
MARTH,0,BATTLEFIELD,24,3,4,0.1929897283301907,0.0,1.0,0.0,0.0,0.0
FOX,1,BATTLEFIELD,24,3,2,0.0571428571428571,0.0,0.0,0.0,0.0,1.0
MARTH,1,DREAM_LAND_N64,23,3,4,0.2350314627363957,0.0,0.0,0.0,1.0,0.0
FOX,0,DREAM_LAND_N64,23,3,3,0.0,0.0,0.0,0.0,0.0,1.0
MARTH,0,FINAL_DESTINATION,15,1,4,0.2209128694221064,0.0,0.0,1.0,0.0,0.0
FOX,1,FINAL_DESTINATION,15,1,1,0.065040650406504,0.0,0.0,1.0,0.0,0.0
MARTH,1,FOUNTAIN_OF_DREAMS,13,3,5,0.208184761131753,0.0,1.0,0.0,0.0,0.0
FOX,0,FOUNTAIN_OF_DREAMS,13,3,1,0.0,0.0,1.0,0.0,0.0,0.0
YOSHI,1,BATTLEFIELD,38,6,4,0.2004900555127969,0.0,1.0,0.0,0.0,0.0
FOX,0,BATTLEFIELD,38,6,3,0.0571428571428571,0.0,0.0,0.0,1.0,0.0
YOSHI,1,BATTLEFIELD,34,3,4,0.1772424486931121,0.0,0.0,0.0,1.0,0.0
FOX,0,BATTLEFIELD,34,3,4,0.0571428571428571,0.0,0.0,0.0,1.0,0.0
YOSHI,0,FINAL_DESTINATION,15,1,4,0.1784307203296217,0.0,0.0,1.0,0.0,0.0
FOX,1,FINAL_DESTINATION,15,1,4,0.065040650406504,1.0,0.0,0.0,0.0,0.0
YOSHI,1,BATTLEFIELD,29,4,4,0.2007109365622374,0.0,1.0,0.0,0.0,0.0
FOX,0,BATTLEFIELD,29,4,2,0.0571428571428571,0.0,1.0,0.0,0.0,0.0
YOSHI,1,FINAL_DESTINATION,30,4,4,0.1786010264572657,0.0,0.0,1.0,0.0,0.0
FOX,0,FINAL_DESTINATION,30,4,1,0.065040650406504,1.0,0.0,0.0,0.0,0.0
YOSHI,1,FINAL_DESTINATION,29,7,4,0.1864228304694779,0.0,0.0,1.0,0.0,0.0
FOX,0,FINAL_DESTINATION,29,7,2,0.065040650406504,0.0,0.0,1.0,0.0,0.0
MARTH,1,BATTLEFIELD,42,11,2,0.197847818042493,0.0,0.0,0.0,0.0,1.0
FALCO,0,BATTLEFIELD,42,11,1,0.3151785714285714,0.0,0.0,0.0,1.0,0.0
MARTH,0,FOUNTAIN_OF_DREAMS,29,19,2,0.1858727673017113,0.0,1.0,0.0,0.0,0.0
FALCO,1,FOUNTAIN_OF_DREAMS,29,19,2,0.0,1.0,0.0,0.0,0.0,0.0
MARTH,0,YOSHIS_STORY,27,9,1,0.1542110525711831,0.0,1.0,0.0,0.0,0.0
FALCO,1,YOSHIS_STORY,27,9,1,0.0060120240480961,0.0,0.0,0.0,1.0,0.0
CAPTAIN_FALCON,0,YOSHIS_STORY,53,11,2,0.2053496798814081,0.0,1.0,0.0,0.0,0.0
FOX,1,YOSHIS_STORY,53,11,4,0.0060120240480961,0.0,0.0,0.0,1.0,0.0
CAPTAIN_FALCON,0,DREAM_LAND_N64,26,2,1,0.1777639350727339,0.0,0.0,0.0,1.0,0.0
FOX,1,DREAM_LAND_N64,26,2,5,0.0,0.0,0.0,0.0,1.0,0.0
